index,星上时间
0,2025-02-16 02:30:14
305,2025-02-16 02:30:06
512,2025-02-16 02:30:07
2993,2025-02-16 02:29:59
3036,2025-02-16 02:29:58
4014,2025-02-16 02:29:51
4187,2025-02-16 02:29:50
5473,2025-02-16 02:29:43
5501,2025-02-16 02:29:42
6369,2025-02-16 02:29:34
6477,2025-02-16 02:29:35
9229,2025-02-16 02:29:27
9295,2025-02-16 02:29:26
10125,2025-02-16 02:29:19
10334,2025-02-16 02:29:18
11584,2025-02-16 02:29:11
11588,2025-02-16 02:29:10
12480,2025-02-16 02:29:02
12486,2025-02-16 02:29:03
15293,2025-02-16 02:28:55
15335,2025-02-16 02:28:54
16189,2025-02-16 02:28:47
16390,2025-02-16 02:28:46
17648,2025-02-16 02:28:39
17749,2025-02-16 02:28:38
18544,2025-02-16 02:28:30
18883,2025-02-16 02:28:31
21647,2025-02-16 02:28:23
21803,2025-02-16 02:28:22
22620,2025-02-16 02:28:15
22954,2025-02-16 02:28:14
24079,2025-02-16 02:28:07
24190,2025-02-16 02:28:06
24975,2025-02-16 02:27:58
25185,2025-02-16 02:27:59
27788,2025-02-16 02:27:51
27831,2025-02-16 02:27:50
28572,2025-02-16 02:27:43
29025,2025-02-16 02:27:42
30143,2025-02-16 02:27:35
30324,2025-02-16 02:27:34
30880,2025-02-16 02:27:26
31622,2025-02-16 02:27:27
34219,2025-02-16 02:27:19
34268,2025-02-16 02:27:18
34753,2025-02-16 02:27:11
35561,2025-02-16 02:27:10
36574,2025-02-16 02:27:03
36654,2025-02-16 02:27:02
37313,2025-02-16 02:26:54
37680,2025-02-16 02:26:55
40283,2025-02-16 02:26:47
40474,2025-02-16 02:26:46
